,Neighborhoold_Name,Neighborhood_Description,House_Description,Square_Meters,Bathrooms,Bedrooms,Price
0,Hollywood,"Hollywood is known as the entertainment capital of the world, with its iconic Walk of Fame and the famous Hollywood sign. It is a bustling neighborhood with a mix of historic landmarks, trendy restaurants, and luxurious homes. ","This beautiful home in Hollywood offers the perfect blend of modern amenities and classic charm. With 300 square meters of living space, this home features 3 bedrooms and 2 bathrooms, making it the perfect space for a growing family. The spacious backyard is perfect for entertaining guests or simply enjoying a quiet evening at home. ",300,3,3,1500000
1,Beverly Hills,"Beverly Hills is known for its luxurious lifestyle, with its upscale shopping, fine dining, and extravagant homes. It is a highly coveted neighborhood, home to many celebrities and wealthy individuals. ","Live like a celebrity in this stunning Beverly Hills home. With 400 square meters of living space, this home boasts 4 bedrooms and 4 bathrooms, providing ample space for both relaxation and entertainment. The high-end finishes and modern amenities make this home a true gem. ",400,4,4,2000000
2,Venice Beach,"Venice Beach is a vibrant and eclectic neighborhood known for its bohemian vibe and iconic boardwalk. It is a popular spot for artists, musicians, and surfers, making it a unique and diverse community. ","Experience the laid-back lifestyle of Venice Beach in this charming home. With 200 square meters of living space, this home offers 2 bedrooms and 2 bathrooms, perfect for those seeking a cozy and low-maintenance living space. The location is unbeatable, just steps away from the beach and all the excitement of the boardwalk. ",200,2,2,1000000
3,Bel Air,"Bel Air is a prestigious and exclusive neighborhood known for its sprawling mansions and stunning views. It is a secluded and tranquil community, offering privacy and luxury to its residents. ","Live like royalty in this magnificent Bel Air estate. With 500 square meters of living space, this home features 5 bedrooms and 5 bathrooms, providing ample space for both relaxation and entertainment. The expansive backyard offers breathtaking views and a serene atmosphere. ",500,5,5,2500000
4,Silver Lake,"Silver Lake is a hip and trendy neighborhood known for its artistic community and vibrant nightlife. It is a diverse and eclectic neighborhood, offering a mix of modern and historic homes. ","This modern and stylish home in Silver Lake is perfect for those seeking a contemporary living space. With 300 square meters of living space, this home offers 3 bedrooms and 3 bathrooms, as well as a rooftop deck with stunning views of the city. The open floor plan and high-end finishes make this home a true gem. ",300,3,3,1500000
5,Santa Monica,"Santa Monica is a beachfront neighborhood known for its laid-back atmosphere and outdoor activities. It is a popular spot for families and young professionals, offering a mix of residential and commercial areas. ","Live just steps away from the beach in this charming Santa Monica home. With 200 square meters of living space, this home offers 2 bedrooms and 2 bathrooms, making it the perfect space for a small family or couple. The location is unbeatable, with easy access to the beach, shops, and restaurants. ",200,2,2,1000000
6,Westwood,"Westwood is a bustling neighborhood known for its proximity to UCLA and its vibrant student community. It is a mix of residential and commercial areas, offering a variety of dining and entertainment options. ","This spacious home in Westwood is perfect for those seeking a convenient and lively living space. With 400 square meters of living space, this home features 4 bedrooms and 4 bathrooms, providing ample space for both relaxation and entertainment. The location is unbeatable, with easy access to UCLA and all the amenities of the neighborhood. ",400,4,4,2000000
7,Downtown,"Downtown is the heart of Los Angeles, known for its skyscrapers, cultural attractions, and bustling city life. It is a diverse and dynamic neighborhood, offering a mix of historic and modern buildings. ","Live in the heart of the city in this stunning downtown loft. With 200 square meters of living space, this home offers 2 bedrooms and 2 bathrooms, as well as a spacious open floor plan and high-end finishes. The location is unbeatable, with easy access to all the excitement and amenities of downtown. ",200,2,2,1000000
8,Echo Park,"Echo Park is a trendy and up-and-coming neighborhood known for its artistic community and hip restaurants and bars. It is a diverse and eclectic neighborhood, offering a mix of modern and historic homes. ","This charming home in Echo Park offers the perfect blend of character and modern amenities. With 300 square meters of living space, this home features 3 bedrooms and 3 bathrooms, making it the perfect space for a small family or couple. The backyard is a peaceful oasis, perfect for relaxing or entertaining. ",300,3,3,1500000
9,Marina Del Rey,"Marina Del Rey is a waterfront neighborhood known for its marina and beachfront activities. It is a popular spot for boating and water sports, offering a relaxed and laid-back atmosphere. ","Live the beach life in this stunning Marina Del Rey home. With 400 square meters of living space, this home boasts 4 bedrooms and 4 bathrooms, providing ample space for both relaxation and entertainment. The location is unbeatable, just steps away from the marina and all the excitement of the beach. ",400,4,4,2000000
10,Pasadena,"Pasadena is a charming and historic neighborhood known for its tree-lined streets and beautiful architecture. It is a family-friendly community, offering a mix of residential and commercial areas. ","This beautiful home in Pasadena offers the perfect blend of classic charm and modern amenities. With 200 square meters of living space, this home features 2 bedrooms and 2 bathrooms, making it the perfect space for a small family or couple. The backyard is a peaceful oasis, perfect for relaxing or entertaining. ",200,2,2,1000000
11,West Hollywood,"West Hollywood is a trendy and vibrant neighborhood known for its nightlife, shopping, and dining. It is a popular spot for young professionals and celebrities, offering a mix of luxury apartments and charming bungalows. ","Live in the heart of West Hollywood in this stylish and modern home. With 300 square meters of living space, this home offers 3 bedrooms and 3 bathrooms, as well as a rooftop deck with stunning views of the city. The location is unbeatable, with easy access to all the excitement and amenities of the neighborhood. ",300,3,3,1500000
12,Malibu,"Malibu is a beachfront neighborhood known for its stunning coastline and luxurious homes. It is a highly coveted neighborhood, home to many celebrities and wealthy individuals. ","Live the beach life in this magnificent Malibu estate. With 500 square meters of living space, this home features 5 bedrooms and 5 bathrooms, providing ample space for both relaxation and entertainment. The expansive backyard offers breathtaking views and a serene atmosphere. ",500,5,5,2500000
13,Culver City,"Culver City is a bustling neighborhood known for its thriving arts scene and trendy restaurants and bars. It is a mix of residential and commercial areas, offering a variety of entertainment and dining options. ","This modern and stylish home in Culver City is perfect for those seeking a contemporary living space. With 200 square meters of living space, this home offers 2 bedrooms and 2 bathrooms, as well as a spacious open floor plan and high-end finishes. The location is unbeatable, with easy access to all the excitement and amenities of the neighborhood. ",200,2,2,1000000
14,Brentwood,"Brentwood is an upscale and exclusive neighborhood known for its luxurious homes and high-end shopping and dining. It is a highly coveted neighborhood, home to many celebrities and wealthy individuals. ","Live like a celebrity in this stunning Brentwood home. With 400 square meters of living space, this home boasts 4 bedrooms and 4 bathrooms, providing ample space for both relaxation and entertainment. The high-end finishes and modern amenities make this home a true gem. ",400,4,4,2000000
